game_id,turn_no,player_id,rows,cols,max_players,first_row,first_col,second_row,second_col,response_ms,matched_pairs_before,matched_pairs_after,cards_remaining_before,board_progress_pct_before,player_score_before,player_moves_before,matched
59f53b11-476d-42ff-9266-147bb3dbd2b1,1,5ccac133-0cd6-4403-8d4b-fd04d8e22b04,4,4,2,0,0,0,1,94.0000000409782,0,1,16,0.0,0,0,true
59f53b11-476d-42ff-9266-147bb3dbd2b1,2,8d2bbe9f-fce6-4193-baec-cf74a30e5022,4,4,2,0,2,0,3,1718.9999999245629,1,1,14,12.5,0,0,false
59f53b11-476d-42ff-9266-147bb3dbd2b1,3,5ccac133-0cd6-4403-8d4b-fd04d8e22b04,4,4,2,1,0,1,1,62.000000034458935,1,1,14,12.5,1,2,false
59f53b11-476d-42ff-9266-147bb3dbd2b1,4,8d2bbe9f-fce6-4193-baec-cf74a30e5022,4,4,2,1,2,1,3,47.0000000204891,1,1,14,12.5,0,2,false
59f53b11-476d-42ff-9266-147bb3dbd2b1,5,5ccac133-0cd6-4403-8d4b-fd04d8e22b04,4,4,2,1,1,1,3,62.000000034458935,1,2,14,12.5,1,4,true
59f53b11-476d-42ff-9266-147bb3dbd2b1,6,8d2bbe9f-fce6-4193-baec-cf74a30e5022,4,4,2,2,0,2,1,1719.0000000409782,2,3,12,25.0,0,4,true
59f53b11-476d-42ff-9266-147bb3dbd2b1,7,5ccac133-0cd6-4403-8d4b-fd04d8e22b04,4,4,2,2,2,1,0,1718.9999999245629,3,4,10,37.5,2,6,true
59f53b11-476d-42ff-9266-147bb3dbd2b1,8,8d2bbe9f-fce6-4193-baec-cf74a30e5022,4,4,2,2,3,1,2,1702.999999979511,4,5,8,50.0,1,6,true
59f53b11-476d-42ff-9266-147bb3dbd2b1,9,5ccac133-0cd6-4403-8d4b-fd04d8e22b04,4,4,2,3,0,3,1,1702.999999979511,5,5,6,62.5,3,8,false
59f53b11-476d-42ff-9266-147bb3dbd2b1,10,8d2bbe9f-fce6-4193-baec-cf74a30e5022,4,4,2,0,3,3,1,77.9999999795109,5,6,6,62.5,2,8,true
59f53b11-476d-42ff-9266-147bb3dbd2b1,11,5ccac133-0cd6-4403-8d4b-fd04d8e22b04,4,4,2,3,2,3,0,1734.000000054948,6,7,4,75.0,3,10,true
59f53b11-476d-42ff-9266-147bb3dbd2b1,12,8d2bbe9f-fce6-4193-baec-cf74a30e5022,4,4,2,3,3,0,2,1733.9999999385327,7,8,2,87.5,3,10,true
